[
    {
      "ID#": "1154",
      "Category": "3",
      "Manufacturer": "",
      "Barcode": "2100000252244",
      "Sku": "HLW-DRK-BTL",
      "Name": "Hollywood Drink (500 ml) ",
      "Buying Price": "",
      "Price Tracker": "",
      "Margin %": "",
      "Stock Summary": "Default WH : 0 / 0, Central WH : 0 / 0, ",
      "Status": "Enabled",
      "Visibility": "Catalog, Search",
      "Suppliers": "",
      "Out of stock range": ""
    },
    {
      "ID#": "1156",
      "Category": "3",
      "Manufacturer": "",
      "Barcode": "2100000252220",
      "Sku": "CAFEFORM30",
      "Name": "CaféForm (30 Sticks) ",
      "Buying Price": "€5.00",
      "Price Tracker": "",
      "Margin %": "89.98",
      "Stock Summary": "Default WH : 0 / 0, Central WH : 1 / 5, ",
      "Status": "Enabled",
      "Visibility": "Catalog, Search",
      "Suppliers": "DESTINA S.A. : €5.00\nAB Vitalplus LTD : €5.00",
      "Out of stock range": ""
    },
    {
      "ID#": "1157",
      "Category": "3",
      "Manufacturer": "",
      "Barcode": "2100000252213",
      "Sku": "ACTIV35-60",
      "Name": "Activ35 (60 Kapseln)",
      "Buying Price": "€3.60",
      "Price Tracker": "",
      "Margin %": "93.82",
      "Stock Summary": "Default WH : 0 / -34, Serbia WH : 0 / 3, Croatia WH : 20 / 20, Slovenia WH : 13 / 19, Central WH : 7 / 12, ",
      "Status": "Enabled",
      "Visibility": "Catalog, Search",
      "Suppliers": "DESTINA S.A. : €3.60",
      "Out of stock range": ""
    },
    {
      "ID#": "1161",
      "Category": "3",
      "Manufacturer": "",
      "Barcode": "",
      "Sku": "SAU-FIT",
      "Name": "SaunaFit",
      "Buying Price": "",
      "Price Tracker": "",
      "Margin %": "",
      "Stock Summary": "Default WH : 0 / 0, ",
      "Status": "Disabled",
      "Visibility": "Not Visible Individually",
      "Suppliers": "",
      "Out of stock range": ""
    },
    {
      "ID#": "1162",
      "Category": "2",
      "Manufacturer": "",
      "Barcode": "2100000252176",
      "Sku": "PROSTAB060",
      "Name": "Prostabium",
      "Buying Price": "€3.50",
      "Price Tracker": "",
      "Margin %": "92.88",
      "Stock Summary": "Default WH : 0 / -1048, Serbia WH : 0 / -30, Croatia WH : 0 / 3, Slovenia WH : 0 / 10, Central WH : 0 / 1, ",
      "Status": "Enabled",
      "Visibility": "Catalog, Search",
      "Suppliers": "DESTINA S.A. : €3.50",
      "Out of stock range": ""
    },
    {
      "ID#": "1163",
      "Category": "1",
      "Manufacturer": "",
      "Barcode": "2100000252169",
      "Sku": "FLEXFOR120",
      "Name": "FlexForte",
      "Buying Price": "€6.00",
      "Price Tracker": "",
      "Margin %": "90.89",
      "Stock Summary": "Default WH : 0 / -26, Central WH : 0 / 10, ",
      "Status": "Enabled",
      "Visibility": "Catalog, Search",
      "Suppliers": "DESTINA S.A. : €6.00",
      "Out of stock range": ""
    },
    {
      "ID#": "1164",
      "Category": "4",
      "Manufacturer": "",
      "Barcode": "2100000252152",
      "Sku": "snoreforte",
      "Name": "SnoreForte",
      "Buying Price": "€2.90",
      "Price Tracker": "",
      "Margin %": "88.36",
      "Stock Summary": "Default WH : 0 / -1, Serbia WH : 92 / 92, Slovenia WH : 10 / 10, Central WH : 0 / 0, ",
      "Status": "Enabled",
      "Visibility": "Catalog, Search",
      "Suppliers": "DESTINA S.A. : €2.90",
      "Out of stock range": ""
    },
    {
      "ID#": "1165",
      "Category": "6",
      "Manufacturer": "",
      "Barcode": "2100000252145",
      "Sku": "ABDOFORTE-",
      "Name": "AbdoForte",
      "Buying Price": "",
      "Price Tracker": "",
      "Margin %": "",
      "Stock Summary": "Default WH : 0 / 0, Central WH : 0 / 0, ",
      "Status": "Enabled",
      "Visibility": "Catalog, Search",
      "Suppliers": "DESTINA S.A. : €14.30",
      "Out of stock range": ""
    },
    {
      "ID#": "1166",
      "Category": "5",
      "Manufacturer": "",
      "Barcode": "2100000252138",
      "Sku": "ACTIVFO090",
      "Name": "Activ FORTE",
      "Buying Price": "€5.00",
      "Price Tracker": "",
      "Margin %": "84.96",
      "Stock Summary": "Default WH : 0 / -370, Serbia WH : 15 / 15, Croatia WH : 90 / 90, Slovenia WH : 41 / 42, Central WH : 21 / 21, ",
      "Status": "Enabled",
      "Visibility": "Catalog, Search",
      "Suppliers": "DESTINA S.A. : €5.00\nAB Vitalplus LTD : €5.00",
      "Out of stock range": ""
    },
    {
      "ID#": "1167",
      "Category": "5",
      "Manufacturer": "",
      "Barcode": "2100000252121",
      "Sku": "LADYBLI060",
      "Name": "Lady Bliss",
      "Buying Price": "€4.10",
      "Price Tracker": "",
      "Margin %": "89.96",
      "Stock Summary": "Default WH : 0 / -2, Serbia WH : 366 / 366, Slovenia WH : 14 / 14, Central WH : 3 / 3, ",
      "Status": "Enabled",
      "Visibility": "Catalog, Search",
      "Suppliers": "DESTINA S.A. : €4.10",
      "Out of stock range": ""
    },
    {
      "ID#": "1168",
      "Category": "5",
      "Manufacturer": "",
      "Barcode": "2100000252114",
      "Sku": "ACTIVMAXSP",
      "Name": "ActivMax Spray",
      "Buying Price": "€2.20",
      "Price Tracker": "",
      "Margin %": "93.38",
      "Stock Summary": "Default WH : 0 / -576, Serbia WH : 6 / 6, Croatia WH : 2 / 2, Slovenia WH : 4 / 4, Central WH : 6 / 6, ",
      "Status": "Enabled",
      "Visibility": "Catalog, Search",
      "Suppliers": "DESTINA S.A. : €2.20\nAB Vitalplus LTD : €2.20",
      "Out of stock range": ""
    },
    {
      "ID#": "1169",
      "Category": "5",
      "Manufacturer": "",
      "Barcode": "2100000252107",
      "Sku": "attraction-perfume ",
      "Name": "AttractivX/XY Für Ihn/Sie (30 ml) – Erotik-Parfum",
      "Buying Price": "€2.50",
      "Price Tracker": "",
      "Margin %": "89.97",
      "Stock Summary": "Default WH : 0 / 0, Serbia WH : 0 / 0, Central WH : 0 / 0, ",
      "Status": "Enabled",
      "Visibility": "Catalog, Search",
      "Suppliers": "DESTINA S.A. : €2.50",
      "Out of stock range": ""
    },
    {
      "ID#": "1170",
      "Category": "6",
      "Manufacturer": "",
      "Barcode": "2100000252091",
      "Sku": "DORYLAX---",
      "Name": "Dorylax Pro",
      "Buying Price": "€36.00",
      "Price Tracker": "",
      "Margin %": "80.27",
      "Stock Summary": "Default WH : 0 / 0, Central WH : 0 / 0, ",
      "Status": "Enabled",
      "Visibility": "Catalog, Search",
      "Suppliers": "DESTINA S.A. : €36.00",
      "Out of stock range": ""
    },
    {
      "ID#": "1171",
      "Category": "6",
      "Manufacturer": "",
      "Barcode": "2100000252084",
      "Sku": "TRIRELAX--",
      "Name": "TriRelax",
      "Buying Price": "€8.00",
      "Price Tracker": "",
      "Margin %": "72.49",
      "Stock Summary": "Default WH : 0 / -2, Serbia WH : 236 / 236, Slovenia WH : 3 / 3, Central WH : 2 / 2, ",
      "Status": "Enabled",
      "Visibility": "Catalog, Search",
      "Suppliers": "DESTINA S.A. : €8.00",
      "Out of stock range": ""
    },
    {
      "ID#": "1172",
      "Category": "1",
      "Manufacturer": "",
      "Barcode": "2100000252077",
      "Sku": "FLEX-BACK-",
      "Name": "FlexBack",
      "Buying Price": "€2.60",
      "Price Tracker": "",
      "Margin %": "89.57",
      "Stock Summary": "Default WH : 0 / -66, Serbia WH : 92 / 92, Croatia WH : 37 / 37, Slovenia WH : 98 / 98, Central WH : 0 / 0, ",
      "Status": "Enabled",
      "Visibility": "Catalog, Search",
      "Suppliers": "DESTINA S.A. : €2.60",
      "Out of stock range": ""
    },
    {
      "ID#": "1173",
      "Category": "3",
      "Manufacturer": "",
      "Barcode": "2100000252060",
      "Sku": "ARTICHA-90",
      "Name": "Artischocke-forte",
      "Buying Price": "",
      "Price Tracker": "",
      "Margin %": "",
      "Stock Summary": "Default WH : 0 / 0, Central WH : 0 / 0, ",
      "Status": "Enabled",
      "Visibility": "Catalog, Search",
      "Suppliers": "",
      "Out of stock range": ""
    },
    {
      "ID#": "1174",
      "Category": "3",
      "Manufacturer": "",
      "Barcode": "2100000252053",
      "Sku": "GLUCOBUN60",
      "Name": "Glucoburner",
      "Buying Price": "€3.45",
      "Price Tracker": "",
      "Margin %": "89.64",
      "Stock Summary": "Default WH : 0 / -29, Serbia WH : 69 / 69, Croatia WH : 0 / 0, Central WH : 21 / 21, ",
      "Status": "Enabled",
      "Visibility": "Catalog, Search",
      "Suppliers": "DESTINA S.A. : €3.45",
      "Out of stock range": ""
    },
    {
      "ID#": "1177",
      "Category": "4",
      "Manufacturer": "",
      "Barcode": "2100000252022",
      "Sku": "CURCUMAPIL",
      "Name": "Kurkuma Zitrone +",
      "Buying Price": "€2.50",
      "Price Tracker": "",
      "Margin %": "92.48",
      "Stock Summary": "Default WH : 0 / -466, Serbia WH : 1 / 1, Croatia WH : 42 / 42, Slovenia WH : 8 / 18, Central WH : 0 / 0, ",
      "Status": "Enabled",
      "Visibility": "Catalog, Search",
      "Suppliers": "DESTINA S.A. : €2.50\nConcept 3.0 : €2.80",
      "Out of stock range": ""
    },
    {
      "ID#": "1178",
      "Category": "6",
      "Manufacturer": "",
      "Barcode": "2100000252015",
      "Sku": "SHAPRE3000",
      "Name": "Shaper Relax 3000",
      "Buying Price": "€20.00",
      "Price Tracker": "",
      "Margin %": "65.67",
      "Stock Summary": "Default WH : 0 / 0, Central WH : 0 / 0, ",
      "Status": "Enabled",
      "Visibility": "Catalog, Search",
      "Suppliers": "DESTINA S.A. : €20.00",
      "Out of stock range": ""
    },
    {
      "ID#": "1226",
      "Category": "3",
      "Manufacturer": "",
      "Barcode": "2100000252008",
      "Sku": "body-scan",
      "Name": "BodyScan",
      "Buying Price": "€1.50",
      "Price Tracker": "",
      "Margin %": "",
      "Stock Summary": "Default WH : 0 / -22, Serbia WH : 0 / -1, Croatia WH : 7 / 7, Slovenia WH : 26 / 27, Central WH : 5 / 6, ",
      "Status": "Enabled",
      "Visibility": "Not Visible Individually",
      "Suppliers": "DESTINA S.A. : €1.50",
      "Out of stock range": ""
    },
    {
      "ID#": "1243",
      "Category": "5",
      "Manufacturer": "",
      "Barcode": "2100000251988",
      "Sku": "AttractivX-bundle",
      "Name": "Attractiv X/XY Bundle",
      "Buying Price": "",
      "Price Tracker": "",
      "Margin %": "",
      "Stock Summary": "",
      "Status": "Disabled",
      "Visibility": "Catalog",
      "Suppliers": "",
      "Out of stock range": ""
    },
    {
      "ID#": "1245",
      "Category": "3",
      "Manufacturer": "",
      "Barcode": "2100000251971",
      "Sku": "CAFEFORM15",
      "Name": "CaféForm (15 Sticks) ",
      "Buying Price": "€2.60",
      "Price Tracker": "",
      "Margin %": "92.18",
      "Stock Summary": "Default WH : 0 / -31, Serbia WH : 0 / 0, Croatia WH : 2 / 2, Slovenia WH : 0 / -178, Central WH : 0 / 0, ",
      "Status": "Enabled",
      "Visibility": "Not Visible Individually",
      "Suppliers": "DESTINA S.A. : €2.60",
      "Out of stock range": ""
    },
    {
      "ID#": "1246",
      "Category": "3",
      "Manufacturer": "",
      "Barcode": "2100000251964",
      "Sku": "MINCI-BALL60",
      "Name": "MinciBall (60 Kapseln)",
      "Buying Price": "€2.45",
      "Price Tracker": "",
      "Margin %": "94",
      "Stock Summary": "Default WH : 0 / -9, Serbia WH : 25 / 25, Croatia WH : 11 / 11, Slovenia WH : 0 / 4, Central WH : 13 / 13, ",
      "Status": "Enabled",
      "Visibility": "Catalog, Search",
      "Suppliers": "DESTINA S.A. : €2.45",
      "Out of stock range": ""
    },
    {
      "ID#": "1248",
      "Category": "6",
      "Manufacturer": "",
      "Barcode": "2100000251957",
      "Sku": "STRECHANDGO",
      "Name": "Stretch & Go",
      "Buying Price": "€15.00",
      "Price Tracker": "",
      "Margin %": "90.95",
      "Stock Summary": "Default WH : 0 / -73, Serbia WH : 6 / 6, Croatia WH : 23 / 23, Slovenia WH : 0 / 17, Central WH : 0 / 0, ",
      "Status": "Enabled",
      "Visibility": "Catalog, Search",
      "Suppliers": "DESTINA S.A. : €15.00\nAB Vitalplus LTD : €15.00",
      "Out of stock range": ""
    },
    {
      "ID#": "1249",
      "Category": "6",
      "Manufacturer": "",
      "Barcode": "2100000251940",
      "Sku": "set-detox-foot-pads",
      "Name": "Set Detox Foot Pads",
      "Buying Price": "€1.61",
      "Price Tracker": "",
      "Margin %": "",
      "Stock Summary": "Default WH : 0 / -40, Serbia WH : 32 / 32, Croatia WH : 33 / 33, Slovenia WH : 104 / 105, Central WH : 0 / 0, ",
      "Status": "Enabled",
      "Visibility": "Not Visible Individually",
      "Suppliers": "DESTINA S.A. : €1.61",
      "Out of stock range": ""
    },
    {
      "ID#": "1251",
      "Category": "8",
      "Manufacturer": "",
      "Barcode": "",
      "Sku": "swarovski-necklace",
      "Name": "Swarovski necklace",
      "Buying Price": "€3.50",
      "Price Tracker": "",
      "Margin %": "",
      "Stock Summary": "Default WH : 0 / 0, ",
      "Status": "Enabled",
      "Visibility": "Not Visible Individually",
      "Suppliers": "DESTINA S.A. : €3.50",
      "Out of stock range": ""
    },
    {
      "ID#": "1252",
      "Category": "8",
      "Manufacturer": "",
      "Barcode": "",
      "Sku": "mobile-auto-holder",
      "Name": "Universal Mobile Phone Auto Holder",
      "Buying Price": "",
      "Price Tracker": "",
      "Margin %": "",
      "Stock Summary": "Default WH : 0 / 0, ",
      "Status": "Enabled",
      "Visibility": "Not Visible Individually",
      "Suppliers": "",
      "Out of stock range": ""
    },
    {
      "ID#": "1254",
      "Category": "1",
      "Manufacturer": "",
      "Barcode": "2100000251926",
      "Sku": "flexforte-cream",
      "Name": "FlexForte Cream",
      "Buying Price": "",
      "Price Tracker": "",
      "Margin %": "",
      "Stock Summary": "Default WH : 0 / -3, Central WH : 1 / 1, ",
      "Status": "Enabled",
      "Visibility": "Not Visible Individually",
      "Suppliers": "",
      "Out of stock range": ""
    },
    {
      "ID#": "1256",
      "Category": "3",
      "Manufacturer": "",
      "Barcode": "",
      "Sku": "saunabelt",
      "Name": "SaunaBelt",
      "Buying Price": "",
      "Price Tracker": "",
      "Margin %": "",
      "Stock Summary": "",
      "Status": "Enabled",
      "Visibility": "Catalog, Search",
      "Suppliers": "",
      "Out of stock range": ""
    },
    {
      "ID#": "1257",
      "Category": "3",
      "Manufacturer": "",
      "Barcode": "",
      "Sku": "saunabelt-S_M_34_40",
      "Name": "SaunaBelt-S_M_34_40",
      "Buying Price": "",
      "Price Tracker": "",
      "Margin %": "",
      "Stock Summary": "Default WH : 0 / 0, ",
      "Status": "Enabled",
      "Visibility": "Not Visible Individually",
      "Suppliers": "",
      "Out of stock range": ""
    },
    {
      "ID#": "1258",
      "Category": "3",
      "Manufacturer": "",
      "Barcode": "",
      "Sku": "saunabelt-L_XL_40_42",
      "Name": "SaunaBelt-L_XL_40_42",
      "Buying Price": "",
      "Price Tracker": "",
      "Margin %": "",
      "Stock Summary": "Default WH : 0 / 0, Serbia WH : 185 / 185, ",
      "Status": "Enabled",
      "Visibility": "Not Visible Individually",
      "Suppliers": "",
      "Out of stock range": ""
    },
    {
      "ID#": "1259",
      "Category": "3",
      "Manufacturer": "",
      "Barcode": "",
      "Sku": "saunabelt-XXL_XXXL_42_52",
      "Name": "SaunaBelt-XXL_XXXL_42_52",
      "Buying Price": "",
      "Price Tracker": "",
      "Margin %": "",
      "Stock Summary": "Default WH : 0 / 0, Serbia WH : 168 / 168, ",
      "Status": "Enabled",
      "Visibility": "Not Visible Individually",
      "Suppliers": "",
      "Out of stock range": ""
    },
    {
      "ID#": "1262",
      "Category": "3",
      "Manufacturer": "",
      "Barcode": "2100000251902",
      "Sku": "mincipressure-35/37",
      "Name": "MinciPressure-35/37",
      "Buying Price": "€3.50",
      "Price Tracker": "",
      "Margin %": "89.47",
      "Stock Summary": "Default WH : 0 / 0, Serbia WH : 250 / 250, Central WH : 0 / 0, ",
      "Status": "Enabled",
      "Visibility": "Not Visible Individually",
      "Suppliers": "DESTINA S.A. : €3.50",
      "Out of stock range": ""
    },
    {
      "ID#": "1263",
      "Category": "3",
      "Manufacturer": "",
      "Barcode": "2100000251896",
      "Sku": "mincipressure-38/40",
      "Name": "MinciPressure-38/40",
      "Buying Price": "€3.50",
      "Price Tracker": "",
      "Margin %": "89.47",
      "Stock Summary": "Default WH : 0 / -1, Serbia WH : 39 / 39, Central WH : 0 / 0, ",
      "Status": "Enabled",
      "Visibility": "Not Visible Individually",
      "Suppliers": "DESTINA S.A. : €3.50",
      "Out of stock range": ""
    },
    {
      "ID#": "1264",
      "Category": "3",
      "Manufacturer": "",
      "Barcode": "2100000251889",
      "Sku": "mincipressure-41/43",
      "Name": "MinciPressure-41/43",
      "Buying Price": "€3.50",
      "Price Tracker": "",
      "Margin %": "89.47",
      "Stock Summary": "Default WH : 0 / -2, Serbia WH : 189 / 189, Central WH : 0 / 0, ",
      "Status": "Enabled",
      "Visibility": "Not Visible Individually",
      "Suppliers": "DESTINA S.A. : €3.50",
      "Out of stock range": ""
    },
    {
      "ID#": "1265",
      "Category": "3",
      "Manufacturer": "",
      "Barcode": "2100000251872",
      "Sku": "mincipressure-44/47",
      "Name": "MinciPressure-44/47",
      "Buying Price": "€3.50",
      "Price Tracker": "",
      "Margin %": "89.47",
      "Stock Summary": "Default WH : 0 / 0, Serbia WH : 0 / 0, Central WH : 0 / 0, ",
      "Status": "Enabled",
      "Visibility": "Not Visible Individually",
      "Suppliers": "DESTINA S.A. : €3.50",
      "Out of stock range": ""
    },
    {
      "ID#": "1266",
      "Category": "3",
      "Manufacturer": "",
      "Barcode": "2100000251865",
      "Sku": "slimdrop10",
      "Name": "Slim Drop 10",
      "Buying Price": "€1.30",
      "Price Tracker": "",
      "Margin %": "94.78",
      "Stock Summary": "Default WH : 0 / -43, Serbia WH : 0 / 0, Croatia WH : 61 / 61, Central WH : 10 / 10, ",
      "Status": "Disabled",
      "Visibility": "Not Visible Individually",
      "Suppliers": "DESTINA S.A. : €1.30",
      "Out of stock range": ""
    },
    {
      "ID#": "1267",
      "Category": "4",
      "Manufacturer": "",
      "Barcode": "2100000251858",
      "Sku": "juvenshot",
      "Name": "JuvenShot",
      "Buying Price": "€5.00",
      "Price Tracker": "",
      "Margin %": "89.83",
      "Stock Summary": "Default WH : 0 / -423, Serbia WH : 4 / 4, Slovenia WH : 0 / 10, Central WH : 0 / 0, ",
      "Status": "Enabled",
      "Visibility": "Catalog, Search",
      "Suppliers": "DESTINA S.A. : €5.00",
      "Out of stock range": ""
    },
    {
      "ID#": "1268",
      "Category": "3",
      "Manufacturer": "",
      "Barcode": "",
      "Sku": "saunafit-plus",
      "Name": "SaunaFit Plus",
      "Buying Price": "",
      "Price Tracker": "",
      "Margin %": "",
      "Stock Summary": "Default WH : 0 / 0, ",
      "Status": "Disabled",
      "Visibility": "Not Visible Individually",
      "Suppliers": "",
      "Out of stock range": ""
    },
    {
      "ID#": "1269",
      "Category": "3",
      "Manufacturer": "",
      "Barcode": "",
      "Sku": "saunafit-plus-S_36_38",
      "Name": "SaunaFit-S_36_38",
      "Buying Price": "",
      "Price Tracker": "",
      "Margin %": "",
      "Stock Summary": "Default WH : 0 / 0, ",
      "Status": "Disabled",
      "Visibility": "Not Visible Individually",
      "Suppliers": "",
      "Out of stock range": ""
    },
    {
      "ID#": "1270",
      "Category": "3",
      "Manufacturer": "",
      "Barcode": "",
      "Sku": "saunafit-plus-M_40_42",
      "Name": "SaunaFit Plus-M_40_42",
      "Buying Price": "",
      "Price Tracker": "",
      "Margin %": "",
      "Stock Summary": "Default WH : 0 / 0, ",
      "Status": "Disabled",
      "Visibility": "Not Visible Individually",
      "Suppliers": "",
      "Out of stock range": ""
    },
    {
      "ID#": "1271",
      "Category": "3",
      "Manufacturer": "",
      "Barcode": "",
      "Sku": "saunafit-plus-L_44_46",
      "Name": "SaunaFit Plus-L_44_46",
      "Buying Price": "",
      "Price Tracker": "",
      "Margin %": "",
      "Stock Summary": "Default WH : 0 / 0, ",
      "Status": "Disabled",
      "Visibility": "Not Visible Individually",
      "Suppliers": "",
      "Out of stock range": ""
    },
    {
      "ID#": "1273",
      "Category": "3",
      "Manufacturer": "",
      "Barcode": "",
      "Sku": "jeansfit-L_XL_40_44",
      "Name": "Jean'sFit-L_XL_40_44",
      "Buying Price": "",
      "Price Tracker": "",
      "Margin %": "",
      "Stock Summary": "Default WH : 0 / -2, ",
      "Status": "Disabled",
      "Visibility": "Not Visible Individually",
      "Suppliers": "",
      "Out of stock range": ""
    },
    {
      "ID#": "1275",
      "Category": "3",
      "Manufacturer": "",
      "Barcode": "",
      "Sku": "jeansfit-XXL_XXXL_46_50",
      "Name": "Jean'sFit-XXL_XXXL_46_50",
      "Buying Price": "",
      "Price Tracker": "",
      "Margin %": "",
      "Stock Summary": "Default WH : 0 / -1, ",
      "Status": "Disabled",
      "Visibility": "Not Visible Individually",
      "Suppliers": "",
      "Out of stock range": ""
    },
    {
      "ID#": "1276",
      "Category": "6",
      "Manufacturer": "",
      "Barcode": "2100000251841",
      "Sku": "drainastim",
      "Name": "Drainastim Pro",
      "Buying Price": "€30.00",
      "Price Tracker": "",
      "Margin %": "81.82",
      "Stock Summary": "Default WH : 0 / -75, Serbia WH : 0 / 0, Croatia WH : 10 / 10, Slovenia WH : 5 / 6, Central WH : 2 / 2, ",
      "Status": "Enabled",
      "Visibility": "Not Visible Individually",
      "Suppliers": "DESTINA S.A. : €30.00",
      "Out of stock range": ""
    },
    {
      "ID#": "1277",
      "Category": "4",
      "Manufacturer": "",
      "Barcode": "2100000251834",
      "Sku": "physiocellustop",
      "Name": "Physio Cellu Stop (50ml)",
      "Buying Price": "€2.50",
      "Price Tracker": "",
      "Margin %": "99.8",
      "Stock Summary": "Default WH : 0 / 0, Serbia WH : 354 / 354, Slovenia WH : 10 / 10, Central WH : 9 / 9, ",
      "Status": "Enabled",
      "Visibility": "Not Visible Individually",
      "Suppliers": "DESTINA S.A. : €2.50",
      "Out of stock range": ""
    },
    {
      "ID#": "1279",
      "Category": "4",
      "Manufacturer": "",
      "Barcode": "2100000251827",
      "Sku": "physiohemocalm",
      "Name": "Physio Hemocalm 50g",
      "Buying Price": "€2.60",
      "Price Tracker": "",
      "Margin %": "99.79",
      "Stock Summary": "Default WH : 0 / -10, Serbia WH : 14 / 14, Slovenia WH : 19 / 19, Central WH : 9 / 10, ",
      "Status": "Enabled",
      "Visibility": "Not Visible Individually",
      "Suppliers": "DESTINA S.A. : €2.60",
      "Out of stock range": ""
    },
    {
      "ID#": "1280",
      "Category": "4",
      "Manufacturer": "",
      "Barcode": "2100000251810",
      "Sku": "physioantirid",
      "Name": "Physio Antirid 50g",
      "Buying Price": "€2.50",
      "Price Tracker": "",
      "Margin %": "99.85",
      "Stock Summary": "Default WH : 0 / 0, Serbia WH : 324 / 327, Central WH : 0 / 0, ",
      "Status": "Enabled",
      "Visibility": "Not Visible Individually",
      "Suppliers": "DESTINA S.A. : €2.50",
      "Out of stock range": ""
    },
    {
      "ID#": "1281",
      "Category": "3",
      "Manufacturer": "",
      "Barcode": "2100000251803",
      "Sku": "abrelax3",
      "Name": "ABRELAX 3",
      "Buying Price": "€2.20",
      "Price Tracker": "",
      "Margin %": "99.87",
      "Stock Summary": "Default WH : 0 / 0, Serbia WH : 514 / 514, ",
      "Status": "Enabled",
      "Visibility": "Not Visible Individually",
      "Suppliers": "DESTINA S.A. : €2.20",
      "Out of stock range": ""
    },
    {
      "ID#": "1283",
      "Category": "8",
      "Manufacturer": "",
      "Barcode": "4899888116660",
      "Sku": "narukvica-protiv-komaraca",
      "Name": "Bracelet Anti Moustique",
      "Buying Price": "€1.20",
      "Price Tracker": "",
      "Margin %": "",
      "Stock Summary": "Default WH : 2 / 2, Serbia WH : 111 / 111, Slovenia WH : 0 / 0, Central WH : 66 / 66, ",
      "Status": "Enabled",
      "Visibility": "Not Visible Individually",
      "Suppliers": "DESTINA S.A. : €1.20",
      "Out of stock range": ""
    },
    {
      "ID#": "1284",
      "Category": "3",
      "Manufacturer": "",
      "Barcode": "2100000251797",
      "Sku": "chouxforte",
      "Name": "Choux Forte",
      "Buying Price": "€3.00",
      "Price Tracker": "",
      "Margin %": "",
      "Stock Summary": "Default WH : 0 / 0, Serbia WH : 350 / 350, Central WH : 0 / 0, ",
      "Status": "Enabled",
      "Visibility": "Not Visible Individually",
      "Suppliers": "DESTINA S.A. : €3.00",
      "Out of stock range": ""
    },
    {
      "ID#": "1285",
      "Category": "4",
      "Manufacturer": "",
      "Barcode": "2100000251780",
      "Sku": "PHY-BUS-PL",
      "Name": "PhysioBust",
      "Buying Price": "€3.50",
      "Price Tracker": "",
      "Margin %": "99.83",
      "Stock Summary": "Default WH : 0 / -2, Serbia WH : 231 / 231, Slovenia WH : 16 / 16, Central WH : 0 / 0, ",
      "Status": "Enabled",
      "Visibility": "Catalog, Search",
      "Suppliers": "DESTINA S.A. : €3.50",
      "Out of stock range": ""
    },
    {
      "ID#": "1286",
      "Category": "3",
      "Manufacturer": "",
      "Barcode": "2100000251773",
      "Sku": "la121",
      "Name": "LA121 (10 kesica)",
      "Buying Price": "€3.20",
      "Price Tracker": "",
      "Margin %": "99.87",
      "Stock Summary": "Default WH : 0 / 0, Serbia WH : 0 / 0, ",
      "Status": "Enabled",
      "Visibility": "Not Visible Individually",
      "Suppliers": "DESTINA S.A. : €3.20",
      "Out of stock range": ""
    },
    {
      "ID#": "1287",
      "Category": "4",
      "Manufacturer": "",
      "Barcode": "2100000251766",
      "Sku": "physioreactin",
      "Name": "PhysioReactin (80 kapsula)",
      "Buying Price": "€3.20",
      "Price Tracker": "",
      "Margin %": "99.92",
      "Stock Summary": "Default WH : 0 / 0, Serbia WH : 170 / 170, Slovenia WH : 5 / 6, Central WH : 0 / 0, ",
      "Status": "Enabled",
      "Visibility": "Not Visible Individually",
      "Suppliers": "DESTINA S.A. : €3.20",
      "Out of stock range": ""
    },
    {
      "ID#": "1288",
      "Category": "8",
      "Manufacturer": "",
      "Barcode": "",
      "Sku": "participacija990rsd",
      "Name": "Participacija 990 rsd",
      "Buying Price": "",
      "Price Tracker": "",
      "Margin %": "",
      "Stock Summary": "Default WH : 0 / 0, ",
      "Status": "Enabled",
      "Visibility": "Not Visible Individually",
      "Suppliers": "",
      "Out of stock range": ""
    },
    {
      "ID#": "1289",
      "Category": "3",
      "Manufacturer": "",
      "Barcode": "2100000251759",
      "Sku": "magnetmedic",
      "Name": "Magnet Medic prsten",
      "Buying Price": "€0.45",
      "Price Tracker": "",
      "Margin %": "99.95",
      "Stock Summary": "Default WH : 0 / -1, Serbia WH : 4 / 4, Croatia WH : 18 / 18, Slovenia WH : 127 / 135, ",
      "Status": "Enabled",
      "Visibility": "Not Visible Individually",
      "Suppliers": "DESTINA S.A. : €0.45",
      "Out of stock range": ""
    },
    {
      "ID#": "1290",
      "Category": "3",
      "Manufacturer": "",
      "Barcode": "2100000251742",
      "Sku": "mincishot",
      "Name": "MinciShot",
      "Buying Price": "€3.50",
      "Price Tracker": "",
      "Margin %": "99.79",
      "Stock Summary": "Default WH : 0 / 0, Serbia WH : 297 / 297, Central WH : 0 / 0, ",
      "Status": "Enabled",
      "Visibility": "Not Visible Individually",
      "Suppliers": "DESTINA S.A. : €3.50",
      "Out of stock range": ""
    },
    {
      "ID#": "1291",
      "Category": "5",
      "Manufacturer": "",
      "Barcode": "2100000251735",
      "Sku": "erosmagnet",
      "Name": "Eros Magnet",
      "Buying Price": "€2.50",
      "Price Tracker": "",
      "Margin %": "99.88",
      "Stock Summary": "Default WH : 0 / 0, Serbia WH : 137 / 137, Slovenia WH : 5 / 6, Central WH : 5 / 5, ",
      "Status": "Enabled",
      "Visibility": "Not Visible Individually",
      "Suppliers": "DESTINA S.A. : €2.50",
      "Out of stock range": ""
    },
    {
      "ID#": "1292",
      "Category": "3",
      "Manufacturer": "",
      "Barcode": "2100000251728",
      "Sku": "steviafit",
      "Name": "SteviaFit",
      "Buying Price": "€3.00",
      "Price Tracker": "",
      "Margin %": "99.82",
      "Stock Summary": "Default WH : 0 / -49, Serbia WH : 73 / 73, Central WH : 0 / 0, ",
      "Status": "Enabled",
      "Visibility": "Not Visible Individually",
      "Suppliers": "DESTINA S.A. : €3.00",
      "Out of stock range": ""
    },
    {
      "ID#": "1293",
      "Category": "4",
      "Manufacturer": "",
      "Barcode": "2100000251711",
      "Sku": "veinoforte",
      "Name": "Veino Forte",
      "Buying Price": "€2.40",
      "Price Tracker": "",
      "Margin %": "99.87",
      "Stock Summary": "Default WH : 0 / -10, Serbia WH : 2 / 2, Slovenia WH : 2 / 2, Central WH : 2 / 2, ",
      "Status": "Enabled",
      "Visibility": "Catalog, Search",
      "Suppliers": "DESTINA S.A. : €2.40",
      "Out of stock range": ""
    },
    {
      "ID#": "1294",
      "Category": "1",
      "Manufacturer": "",
      "Barcode": "2100000251704",
      "Sku": "arthrelix-sprej",
      "Name": "Arthrelix sprej",
      "Buying Price": "€2.50",
      "Price Tracker": "",
      "Margin %": "99.82",
      "Stock Summary": "Default WH : 0 / -177, Serbia WH : 0 / 13, Slovenia WH : 0 / -1, Central WH : 9 / 9, ",
      "Status": "Enabled",
      "Visibility": "Not Visible Individually",
      "Suppliers": "DESTINA S.A. : €2.50",
      "Out of stock range": ""
    },
    {
      "ID#": "1295",
      "Category": "8",
      "Manufacturer": "",
      "Barcode": "",
      "Sku": "participacija690rsd",
      "Name": "Participacija 690 rsd",
      "Buying Price": "",
      "Price Tracker": "",
      "Margin %": "",
      "Stock Summary": "Default WH : 0 / 0, Serbia WH : 0 / 0, ",
      "Status": "Disabled",
      "Visibility": "Not Visible Individually",
      "Suppliers": "",
      "Out of stock range": ""
    },
    {
      "ID#": "1296",
      "Category": "6",
      "Manufacturer": "",
      "Barcode": "6904933751562",
      "Sku": "tensiometer-gift",
      "Name": "Tensiometer - GIFT",
      "Buying Price": "€7.52",
      "Price Tracker": "",
      "Margin %": "",
      "Stock Summary": "Default WH : 0 / -40, Serbia WH : 0 / -12, Croatia WH : 25 / 25, Slovenia WH : 9 / 10, Central WH : 0 / 3, ",
      "Status": "Enabled",
      "Visibility": "Not Visible Individually",
      "Suppliers": "DESTINA S.A. : €7.52",
      "Out of stock range": ""
    },
    {
      "ID#": "1299",
      "Category": "4",
      "Manufacturer": "",
      "Barcode": "2100000251681",
      "Sku": "physioreactin-creme",
      "Name": "Reactin krema",
      "Buying Price": "€3.30",
      "Price Tracker": "",
      "Margin %": "",
      "Stock Summary": "Default WH : 0 / 0, Serbia WH : 136 / 136, Slovenia WH : 0 / -5, Central WH : 0 / 0, ",
      "Status": "Enabled",
      "Visibility": "Not Visible Individually",
      "Suppliers": "DESTINA S.A. : €3.30",
      "Out of stock range": ""
    },
    {
      "ID#": "1301",
      "Category": "7",
      "Manufacturer": "",
      "Barcode": "",
      "Sku": "tajna-luksor-prstena",
      "Name": "Tajna Luksor Prstena",
      "Buying Price": "€0.08",
      "Price Tracker": "",
      "Margin %": "",
      "Stock Summary": "Default WH : 0 / 0, Serbia WH : 582 / 582, ",
      "Status": "Enabled",
      "Visibility": "Not Visible Individually",
      "Suppliers": "AB Vitalplus LTD : €0.08",
      "Out of stock range": ""
    },
    {
      "ID#": "1302",
      "Category": "7",
      "Manufacturer": "",
      "Barcode": "",
      "Sku": "prsten",
      "Name": "Prsten",
      "Buying Price": "",
      "Price Tracker": "",
      "Margin %": "",
      "Stock Summary": "",
      "Status": "Enabled",
      "Visibility": "Catalog, Search",
      "Suppliers": "",
      "Out of stock range": ""
    },
    {
      "ID#": "1303",
      "Category": "7",
      "Manufacturer": "",
      "Barcode": "",
      "Sku": "prsten-Luksor-Female",
      "Name": "Prsten Luksor Zenski",
      "Buying Price": "€0.20",
      "Price Tracker": "",
      "Margin %": "99.98",
      "Stock Summary": "Default WH : 0 / 0, Serbia WH : 186 / 186, ",
      "Status": "Enabled",
      "Visibility": "Not Visible Individually",
      "Suppliers": "AB Vitalplus LTD : €0.20",
      "Out of stock range": ""
    },
    {
      "ID#": "1304",
      "Category": "7",
      "Manufacturer": "",
      "Barcode": "",
      "Sku": "prsten-Luksor-Male",
      "Name": "Prsten Luksor Muski",
      "Buying Price": "€0.20",
      "Price Tracker": "",
      "Margin %": "99.98",
      "Stock Summary": "Default WH : 0 / 0, Serbia WH : 165 / 165, ",
      "Status": "Enabled",
      "Visibility": "Not Visible Individually",
      "Suppliers": "AB Vitalplus LTD : €0.20",
      "Out of stock range": ""
    },
    {
      "ID#": "1305",
      "Category": "7",
      "Manufacturer": "",
      "Barcode": "",
      "Sku": "prsten-Special-Female",
      "Name": "Prsten Special Zenski",
      "Buying Price": "€0.50",
      "Price Tracker": "",
      "Margin %": "99.98",
      "Stock Summary": "Default WH : 0 / 0, Serbia WH : 224 / 224, ",
      "Status": "Enabled",
      "Visibility": "Not Visible Individually",
      "Suppliers": "AB Vitalplus LTD : €0.50",
      "Out of stock range": ""
    },
    {
      "ID#": "1306",
      "Category": "7",
      "Manufacturer": "",
      "Barcode": "",
      "Sku": "prsten-Special-Male",
      "Name": "Prsten Special Muski",
      "Buying Price": "€0.50",
      "Price Tracker": "",
      "Margin %": "99.98",
      "Stock Summary": "Default WH : 0 / 0, Serbia WH : 211 / 211, ",
      "Status": "Enabled",
      "Visibility": "Not Visible Individually",
      "Suppliers": "AB Vitalplus LTD : €0.50",
      "Out of stock range": ""
    },
    {
      "ID#": "1320",
      "Category": "3",
      "Manufacturer": "",
      "Barcode": "2100000251667",
      "Sku": "mincibody-S_M_34_40",
      "Name": "MinciBody-S_M_34_40",
      "Buying Price": "",
      "Price Tracker": "",
      "Margin %": "",
      "Stock Summary": "Default WH : 0 / 0, Central WH : 0 / 0, ",
      "Status": "Enabled",
      "Visibility": "Not Visible Individually",
      "Suppliers": "",
      "Out of stock range": ""
    },
    {
      "ID#": "1321",
      "Category": "3",
      "Manufacturer": "",
      "Barcode": "2100000251650",
      "Sku": "mincibody-L_XL_42_46",
      "Name": "MinciBody-L_XL_42_46",
      "Buying Price": "",
      "Price Tracker": "",
      "Margin %": "",
      "Stock Summary": "Default WH : 0 / 0, Serbia WH : 0 / 0, Central WH : 0 / 0, ",
      "Status": "Enabled",
      "Visibility": "Not Visible Individually",
      "Suppliers": "DESTINA S.A. : €8.50",
      "Out of stock range": ""
    },
    {
      "ID#": "1322",
      "Category": "3",
      "Manufacturer": "",
      "Barcode": "2100000251643",
      "Sku": "mincibody-XXL_XXXL_48_50",
      "Name": "MinciBody-XXL_XXXL_48_50",
      "Buying Price": "€8.50",
      "Price Tracker": "",
      "Margin %": "99.59",
      "Stock Summary": "Default WH : 0 / 0, Serbia WH : 0 / 0, Central WH : 0 / 0, ",
      "Status": "Enabled",
      "Visibility": "Not Visible Individually",
      "Suppliers": "DESTINA S.A. : €8.50",
      "Out of stock range": ""
    },
    {
      "ID#": "1324",
      "Category": "8",
      "Manufacturer": "",
      "Barcode": "",
      "Sku": "participacija270rsd",
      "Name": "Participacija 270 rsd",
      "Buying Price": "",
      "Price Tracker": "",
      "Margin %": "",
      "Stock Summary": "",
      "Status": "Enabled",
      "Visibility": "Not Visible Individually",
      "Suppliers": "",
      "Out of stock range": ""
    },
    {
      "ID#": "1329",
      "Category": "3",
      "Manufacturer": "",
      "Barcode": "2100000251629",
      "Sku": "slim5",
      "Name": "Slim5 (90 kapsula)",
      "Buying Price": "€2.11",
      "Price Tracker": "",
      "Margin %": "99.83",
      "Stock Summary": "Default WH : 0 / 0, Serbia WH : 10 / 10, Central WH : 0 / 0, ",
      "Status": "Enabled",
      "Visibility": "Not Visible Individually",
      "Suppliers": "DESTINA S.A. : €2.11",
      "Out of stock range": ""
    },
    {
      "ID#": "1330",
      "Category": "4",
      "Manufacturer": "",
      "Barcode": "2100000251612",
      "Sku": "softgel",
      "Name": "Soft Gel Revolution",
      "Buying Price": "€2.00",
      "Price Tracker": "",
      "Margin %": "",
      "Stock Summary": "Default WH : 0 / -269, Serbia WH : 25 / 25, Croatia WH : 95 / 95, Slovenia WH : 0 / 33, Central WH : 1 / 1, ",
      "Status": "Enabled",
      "Visibility": "Catalog, Search",
      "Suppliers": "DESTINA S.A. : €2.00",
      "Out of stock range": ""
    },
    {
      "ID#": "1331",
      "Category": "6",
      "Manufacturer": "",
      "Barcode": "2100000251605",
      "Sku": "valgusmedic",
      "Name": "Valgus Medic",
      "Buying Price": "€2.50",
      "Price Tracker": "",
      "Margin %": "99.85",
      "Stock Summary": "Default WH : 0 / -3, Serbia WH : 0 / -4, Croatia WH : 30 / 30, Slovenia WH : 26 / 32, Central WH : 0 / 0, ",
      "Status": "Enabled",
      "Visibility": "Catalog, Search",
      "Suppliers": "DESTINA S.A. : €2.50",
      "Out of stock range": ""
    },
    {
      "ID#": "1332",
      "Category": "4",
      "Manufacturer": "",
      "Barcode": "2100000251599",
      "Sku": "candistress",
      "Name": "CandiStress",
      "Buying Price": "€2.93",
      "Price Tracker": "",
      "Margin %": "",
      "Stock Summary": "Default WH : 0 / -16, Serbia WH : 566 / 566, Croatia WH : 0 / 0, Slovenia WH : 9 / 9, Central WH : 0 / 0, ",
      "Status": "Enabled",
      "Visibility": "Catalog, Search",
      "Suppliers": "DESTINA S.A. : €2.93",
      "Out of stock range": ""
    },
    {
      "ID#": "1333",
      "Category": "8",
      "Manufacturer": "",
      "Barcode": "2100000251582",
      "Sku": "wunderbust",
      "Name": "Wunderbust",
      "Buying Price": "",
      "Price Tracker": "",
      "Margin %": "",
      "Stock Summary": "",
      "Status": "Enabled",
      "Visibility": "Not Visible Individually",
      "Suppliers": "",
      "Out of stock range": ""
    },
    {
      "ID#": "1334",
      "Category": "8",
      "Manufacturer": "",
      "Barcode": "2100000251575",
      "Sku": "wunderbust-A",
      "Name": "Wunderbust-A",
      "Buying Price": "€1.00",
      "Price Tracker": "",
      "Margin %": "",
      "Stock Summary": "",
      "Status": "Enabled",
      "Visibility": "Not Visible Individually",
      "Suppliers": "",
      "Out of stock range": ""
    },
    {
      "ID#": "1335",
      "Category": "8",
      "Manufacturer": "",
      "Barcode": "2100000251568",
      "Sku": "wunderbust-B",
      "Name": "Wunderbust-B",
      "Buying Price": "€1.00",
      "Price Tracker": "",
      "Margin %": "",
      "Stock Summary": "",
      "Status": "Enabled",
      "Visibility": "Not Visible Individually",
      "Suppliers": "",
      "Out of stock range": ""
    },
    {
      "ID#": "1336",
      "Category": "8",
      "Manufacturer": "",
      "Barcode": "2100000251551",
      "Sku": "wunderbust-C",
      "Name": "Wunderbust-C",
      "Buying Price": "€1.00",
      "Price Tracker": "",
      "Margin %": "",
      "Stock Summary": "",
      "Status": "Enabled",
      "Visibility": "Not Visible Individually",
      "Suppliers": "",
      "Out of stock range": ""
    },
    {
      "ID#": "1337",
      "Category": "8",
      "Manufacturer": "",
      "Barcode": "2100000251544",
      "Sku": "wunderbust-D",
      "Name": "Wunderbust-D",
      "Buying Price": "€1.00",
      "Price Tracker": "",
      "Margin %": "",
      "Stock Summary": "",
      "Status": "Enabled",
      "Visibility": "Not Visible Individually",
      "Suppliers": "",
      "Out of stock range": ""
    },
    {
      "ID#": "1338",
      "Category": "1",
      "Manufacturer": "",
      "Barcode": "2100000251537",
      "Sku": "arthrelix-syrup",
      "Name": "Arthrelix",
      "Buying Price": "€2.50",
      "Price Tracker": "",
      "Margin %": "",
      "Stock Summary": "Default WH : 0 / 0, Serbia WH : 1 / 1, Central WH : 0 / 0, ",
      "Status": "Enabled",
      "Visibility": "Catalog, Search",
      "Suppliers": "DESTINA S.A. : €2.50",
      "Out of stock range": ""
    },
    {
      "ID#": "1339",
      "Category": "1",
      "Manufacturer": "",
      "Barcode": "2100000251520",
      "Sku": "arthrelix-caps-120",
      "Name": "Arthrelix Extra Forte (120 Caps)",
      "Buying Price": "€6.00",
      "Price Tracker": "",
      "Margin %": "99.71",
      "Stock Summary": "Default WH : 0 / -1142, Serbia WH : 0 / -11, Croatia WH : 15 / 25, Slovenia WH : 0 / 1, Central WH : 0 / 0, ",
      "Status": "Enabled",
      "Visibility": "Not Visible Individually",
      "Suppliers": "DESTINA S.A. : €6.00\nAB Vitalplus LTD : €6.00",
      "Out of stock range": ""
    },
    {
      "ID#": "1340",
      "Category": "4",
      "Manufacturer": "",
      "Barcode": "2100000251513",
      "Sku": "moroburner",
      "Name": "MoroBurner",
      "Buying Price": "",
      "Price Tracker": "",
      "Margin %": "",
      "Stock Summary": "Default WH : 0 / 0, Central WH : 0 / 0, ",
      "Status": "Enabled",
      "Visibility": "Catalog, Search",
      "Suppliers": "",
      "Out of stock range": ""
    },
    {
      "ID#": "1341",
      "Category": "3",
      "Manufacturer": "",
      "Barcode": "",
      "Sku": "minci-tea",
      "Name": "MinciTea",
      "Buying Price": "",
      "Price Tracker": "",
      "Margin %": "",
      "Stock Summary": "Default WH : 0 / 0, ",
      "Status": "Enabled",
      "Visibility": "Catalog, Search",
      "Suppliers": "",
      "Out of stock range": ""
    },
    {
      "ID#": "1342",
      "Category": "3",
      "Manufacturer": "",
      "Barcode": "2100000251506",
      "Sku": "ketomang",
      "Name": "Ketomang",
      "Buying Price": "",
      "Price Tracker": "",
      "Margin %": "",
      "Stock Summary": "Default WH : 0 / -8, Central WH : 0 / 0, ",
      "Status": "Enabled",
      "Visibility": "Not Visible Individually",
      "Suppliers": "",
      "Out of stock range": ""
    },
    {
      "ID#": "1343",
      "Category": "8",
      "Manufacturer": "",
      "Barcode": "2100000251490",
      "Sku": "white-else",
      "Name": "White Else",
      "Buying Price": "€1.90",
      "Price Tracker": "",
      "Margin %": "",
      "Stock Summary": "Default WH : 0 / 0, Slovenia WH : 18 / 18, Central WH : 1 / 1, ",
      "Status": "Enabled",
      "Visibility": "Catalog, Search",
      "Suppliers": "",
      "Out of stock range": ""
    },
    {
      "ID#": "1344",
      "Category": "3",
      "Manufacturer": "",
      "Barcode": "2100000251323",
      "Sku": "mincibody-L_XL_40_42",
      "Name": "MinciBody-L_XL_40_42",
      "Buying Price": "",
      "Price Tracker": "",
      "Margin %": "",
      "Stock Summary": "Default WH : 0 / 0, ",
      "Status": "Enabled",
      "Visibility": "Not Visible Individually",
      "Suppliers": "",
      "Out of stock range": ""
    },
    {
      "ID#": "1345",
      "Category": "4",
      "Manufacturer": "",
      "Barcode": "2100000251483",
      "Sku": "candiform",
      "Name": "CandiForm",
      "Buying Price": "€3.50",
      "Price Tracker": "",
      "Margin %": "",
      "Stock Summary": "Default WH : 0 / -33, Slovenia WH : 0 / 0, Central WH : 6 / 9, ",
      "Status": "Enabled",
      "Visibility": "Catalog, Search",
      "Suppliers": "",
      "Out of stock range": ""
    },
    {
      "ID#": "1346",
      "Category": "4",
      "Manufacturer": "",
      "Barcode": "2100000251476",
      "Sku": "candibiotic",
      "Name": "CandiBio",
      "Buying Price": "€3.50",
      "Price Tracker": "",
      "Margin %": "",
      "Stock Summary": "Default WH : 0 / -33, Slovenia WH : 0 / -12, Central WH : 11 / 14, ",
      "Status": "Enabled",
      "Visibility": "Catalog, Search",
      "Suppliers": "",
      "Out of stock range": ""
    },
    {
      "ID#": "1348",
      "Category": "4",
      "Manufacturer": "",
      "Barcode": "2100000251452",
      "Sku": "argentcolloidal",
      "Name": "ArgentColloidal",
      "Buying Price": "",
      "Price Tracker": "",
      "Margin %": "",
      "Stock Summary": "Default WH : 0 / -2, Slovenia WH : 14 / 14, Central WH : 0 / 0, ",
      "Status": "Enabled",
      "Visibility": "Catalog, Search",
      "Suppliers": "",
      "Out of stock range": ""
    },
    {
      "ID#": "1349",
      "Category": "4",
      "Manufacturer": "",
      "Barcode": "2100000251445",
      "Sku": "coconutforte",
      "Name": "CoconutForte",
      "Buying Price": "",
      "Price Tracker": "",
      "Margin %": "",
      "Stock Summary": "Default WH : 0 / -1, Slovenia WH : 15 / 15, Central WH : 18 / 18, ",
      "Status": "Enabled",
      "Visibility": "Catalog, Search",
      "Suppliers": "",
      "Out of stock range": ""
    },
    {
      "ID#": "1350",
      "Category": "8",
      "Manufacturer": "",
      "Barcode": "2100000251438",
      "Sku": "nelombo",
      "Name": "  nelombo ",
      "Buying Price": "",
      "Price Tracker": "",
      "Margin %": "",
      "Stock Summary": "Default WH : 0 / 0, Central WH : 0 / 0, ",
      "Status": "Enabled",
      "Visibility": "Catalog, Search",
      "Suppliers": "",
      "Out of stock range": ""
    },
    {
      "ID#": "1351",
      "Category": "8",
      "Manufacturer": "",
      "Barcode": "2100000251421",
      "Sku": "kamala",
      "Name": "Kamala",
      "Buying Price": "",
      "Price Tracker": "",
      "Margin %": "",
      "Stock Summary": "Default WH : 0 / 0, Central WH : 0 / 0, ",
      "Status": "Enabled",
      "Visibility": "Catalog, Search",
      "Suppliers": "",
      "Out of stock range": ""
    },
    {
      "ID#": "1353",
      "Category": "6",
      "Manufacturer": "",
      "Barcode": "2100000251407",
      "Sku": "seatrelax",
      "Name": "SeatRelax",
      "Buying Price": "",
      "Price Tracker": "",
      "Margin %": "",
      "Stock Summary": "Default WH : 0 / 0, ",
      "Status": "Disabled",
      "Visibility": "Not Visible Individually",
      "Suppliers": "",
      "Out of stock range": ""
    },
    {
      "ID#": "1354",
      "Category": "4",
      "Manufacturer": "",
      "Barcode": "2100000251391",
      "Sku": "physiohair",
      "Name": "PhysioHair",
      "Buying Price": "€2.90",
      "Price Tracker": "",
      "Margin %": "",
      "Stock Summary": "Default WH : 0 / -6, Slovenia WH : 0 / 4, Central WH : 2 / 2, ",
      "Status": "Enabled",
      "Visibility": "Catalog, Search",
      "Suppliers": "",
      "Out of stock range": ""
    },
    {
      "ID#": "1355",
      "Category": "6",
      "Manufacturer": "",
      "Barcode": "2100000251384",
      "Sku": "smartlumbar",
      "Name": "SmartLumbar",
      "Buying Price": "",
      "Price Tracker": "",
      "Margin %": "",
      "Stock Summary": "Default WH : 0 / -1, Central WH : 0 / 0, ",
      "Status": "Enabled",
      "Visibility": "Catalog, Search",
      "Suppliers": "",
      "Out of stock range": ""
    },
    {
      "ID#": "1356",
      "Category": "6",
      "Manufacturer": "",
      "Barcode": "2100000251377",
      "Sku": "smartrelax",
      "Name": "SmartRelax",
      "Buying Price": "",
      "Price Tracker": "",
      "Margin %": "",
      "Stock Summary": "Default WH : 0 / 0, Central WH : 0 / 0, ",
      "Status": "Enabled",
      "Visibility": "Catalog, Search",
      "Suppliers": "",
      "Out of stock range": ""
    },
    {
      "ID#": "1358",
      "Category": "4",
      "Manufacturer": "",
      "Barcode": "2100000251360",
      "Sku": "candidetox",
      "Name": "CandiDetox",
      "Buying Price": "€2.00",
      "Price Tracker": "",
      "Margin %": "",
      "Stock Summary": "Default WH : 0 / -11, Central WH : 0 / 0, ",
      "Status": "Enabled",
      "Visibility": "Catalog, Search",
      "Suppliers": "DESTINA S.A. : €2.00",
      "Out of stock range": ""
    },
    {
      "ID#": "1359",
      "Category": "4",
      "Manufacturer": "",
      "Barcode": "2100000251353",
      "Sku": "coreforte",
      "Name": "CoreForte",
      "Buying Price": "€3.08",
      "Price Tracker": "",
      "Margin %": "",
      "Stock Summary": "Default WH : 0 / -6, Serbia WH : 5 / 5, Slovenia WH : 28 / 28, Central WH : 9 / 11, ",
      "Status": "Enabled",
      "Visibility": "Catalog, Search",
      "Suppliers": "DESTINA S.A. : €3.08\nAB Vitalplus LTD : €3.08",
      "Out of stock range": ""
    },
    {
      "ID#": "1360",
      "Category": "3",
      "Manufacturer": "",
      "Barcode": "2100000251346",
      "Sku": "mincibody-XXL_XXXL_42_52",
      "Name": "MinciBody-XXL_XXXL_42_52",
      "Buying Price": "",
      "Price Tracker": "",
      "Margin %": "",
      "Stock Summary": "Default WH : 0 / 0, Central WH : 0 / 0, ",
      "Status": "Enabled",
      "Visibility": "Not Visible Individually",
      "Suppliers": "",
      "Out of stock range": ""
    },
    {
      "ID#": "1361",
      "Category": "3",
      "Manufacturer": "",
      "Barcode": "2100000251339",
      "Sku": "mincibody-S_M",
      "Name": "MinciBody-S_M",
      "Buying Price": "€8.50",
      "Price Tracker": "",
      "Margin %": "99.59",
      "Stock Summary": "Default WH : 0 / 0, Serbia WH : 156 / 156, Central WH : 0 / 0, ",
      "Status": "Enabled",
      "Visibility": "Not Visible Individually",
      "Suppliers": "DESTINA S.A. : €8.50",
      "Out of stock range": ""
    },
    {
      "ID#": "1362",
      "Category": "3",
      "Manufacturer": "",
      "Barcode": "2100000251322",
      "Sku": "mincibody-L_XL",
      "Name": "MinciBody-L_XL",
      "Buying Price": "€8.50",
      "Price Tracker": "",
      "Margin %": "99.59",
      "Stock Summary": "Default WH : 0 / 0, Serbia WH : 127 / 127, Central WH : 0 / 0, ",
      "Status": "Enabled",
      "Visibility": "Not Visible Individually",
      "Suppliers": "DESTINA S.A. : €8.50",
      "Out of stock range": ""
    },
    {
      "ID#": "1363",
      "Category": "3",
      "Manufacturer": "",
      "Barcode": "2100000251315",
      "Sku": "mincibody-XXL_XXXL",
      "Name": "MinciBody-XXL_XXXL",
      "Buying Price": "€8.50",
      "Price Tracker": "",
      "Margin %": "99.59",
      "Stock Summary": "Default WH : 0 / 0, Serbia WH : 104 / 104, Central WH : 0 / 0, ",
      "Status": "Enabled",
      "Visibility": "Not Visible Individually",
      "Suppliers": "DESTINA S.A. : €8.50",
      "Out of stock range": ""
    },
    {
      "ID#": "1364",
      "Category": "8",
      "Manufacturer": "",
      "Barcode": "2100000251308",
      "Sku": "easyform",
      "Name": "Easy Form",
      "Buying Price": "",
      "Price Tracker": "",
      "Margin %": "",
      "Stock Summary": "Default WH : 0 / -5, Central WH : 1 / 1, ",
      "Status": "Enabled",
      "Visibility": "Not Visible Individually",
      "Suppliers": "",
      "Out of stock range": ""
    },
    {
      "ID#": "1366",
      "Category": "6",
      "Manufacturer": "",
      "Barcode": "",
      "Sku": "raincoat-bowl",
      "Name": "Raincoat Bowl",
      "Buying Price": "€1.00",
      "Price Tracker": "",
      "Margin %": "",
      "Stock Summary": "",
      "Status": "Enabled",
      "Visibility": "Not Visible Individually",
      "Suppliers": "DESTINA S.A. : €1.00",
      "Out of stock range": ""
    },
    {
      "ID#": "1367",
      "Category": "7",
      "Manufacturer": "",
      "Barcode": "",
      "Sku": "zastitnik-kuce",
      "Name": "Zaštitnik kuće",
      "Buying Price": "",
      "Price Tracker": "",
      "Margin %": "",
      "Stock Summary": "Default WH : 0 / -32, Serbia WH : 50 / 50, ",
      "Status": "Enabled",
      "Visibility": "Catalog, Search",
      "Suppliers": "",
      "Out of stock range": ""
    },
    {
      "ID#": "1368",
      "Category": "4",
      "Manufacturer": "",
      "Barcode": "2100000251285",
      "Sku": "VISIORENOV",
      "Name": "Visiorenov",
      "Buying Price": "€3.47",
      "Price Tracker": "",
      "Margin %": "",
      "Stock Summary": "Default WH : 0 / -2, Serbia WH : 0 / 0, Slovenia WH : 0 / 3, Central WH : 7 / 9, ",
      "Status": "Enabled",
      "Visibility": "Catalog, Search",
      "Suppliers": "",
      "Out of stock range": ""
    },
    {
      "ID#": "1369",
      "Category": "4",
      "Manufacturer": "",
      "Barcode": "2100000251278",
      "Sku": "VESSIAL090",
      "Name": "Vessialys",
      "Buying Price": "€3.99",
      "Price Tracker": "",
      "Margin %": "83.99",
      "Stock Summary": "Default WH : 0 / -121, Serbia WH : 22 / 22, Croatia WH : 44 / 44, Slovenia WH : 0 / 25, Central WH : 10 / 10, ",
      "Status": "Enabled",
      "Visibility": "Catalog, Search",
      "Suppliers": "DESTINA S.A. : €4.80\nAB Vitalplus LTD : €4.80",
      "Out of stock range": ""
    },
    {
      "ID#": "1370",
      "Category": "1",
      "Manufacturer": "",
      "Barcode": "2100000251261",
      "Sku": "rekawiczki",
      "Name": "Rękawiczki przeciwartretyczne",
      "Buying Price": "",
      "Price Tracker": "",
      "Margin %": "",
      "Stock Summary": "Default WH : 0 / -545, Central WH : 0 / -2, ",
      "Status": "Disabled",
      "Visibility": "Not Visible Individually",
      "Suppliers": "",
      "Out of stock range": ""
    },
    {
      "ID#": "1371",
      "Category": "1",
      "Manufacturer": "",
      "Barcode": "2100000251254",
      "Sku": "ARTH-GLOVE",
      "Name": "ArthroGloves",
      "Buying Price": "€2.50",
      "Price Tracker": "",
      "Margin %": "89.97",
      "Stock Summary": "Default WH : 0 / -177, Serbia WH : 7 / 7, Croatia WH : 53 / 53, Slovenia WH : 0 / 27, Central WH : 18 / 18, ",
      "Status": "Enabled",
      "Visibility": "Catalog, Search",
      "Suppliers": "DESTINA S.A. : €2.50",
      "Out of stock range": ""
    },
    {
      "ID#": "1372",
      "Category": "1",
      "Manufacturer": "",
      "Barcode": "2100000251247",
      "Sku": "ARTHRORENO",
      "Name": "Arthrorenov",
      "Buying Price": "",
      "Price Tracker": "",
      "Margin %": "",
      "Stock Summary": "Default WH : 0 / 0, Central WH : 7 / 16, ",
      "Status": "Enabled",
      "Visibility": "Catalog, Search",
      "Suppliers": "DESTINA S.A. : €7.00\nAB Vitalplus LTD : €7.00",
      "Out of stock range": ""
    },
    {
      "ID#": "1373",
      "Category": "1",
      "Manufacturer": "",
      "Barcode": "2100000251230",
      "Sku": "arthrorenov_cream",
      "Name": "Arthrorenov cream",
      "Buying Price": "",
      "Price Tracker": "",
      "Margin %": "",
      "Stock Summary": "",
      "Status": "Disabled",
      "Visibility": "Not Visible Individually",
      "Suppliers": "",
      "Out of stock range": ""
    },
    {
      "ID#": "1374",
      "Category": "8",
      "Manufacturer": "",
      "Barcode": "2100000251223",
      "Sku": "free-gift",
      "Name": "Free Gift",
      "Buying Price": "",
      "Price Tracker": "",
      "Margin %": "",
      "Stock Summary": "",
      "Status": "Enabled",
      "Visibility": "Not Visible Individually",
      "Suppliers": "",
      "Out of stock range": ""
    },
    {
      "ID#": "1377",
      "Category": "6",
      "Manufacturer": "",
      "Barcode": "2100000251216",
      "Sku": "BAS-CO",
      "Name": "Socks Medic",
      "Buying Price": "€1.90",
      "Price Tracker": "",
      "Margin %": "88.54",
      "Stock Summary": "",
      "Status": "Enabled",
      "Visibility": "Catalog, Search",
      "Suppliers": "",
      "Out of stock range": ""
    },
    {
      "ID#": "1378",
      "Category": "6",
      "Manufacturer": "",
      "Barcode": "2100000251209",
      "Sku": "BAS-CO-LXL",
      "Name": "Socks Medic-LXL",
      "Buying Price": "€1.90",
      "Price Tracker": "",
      "Margin %": "88.54",
      "Stock Summary": "Default WH : 0 / 0, Serbia WH : 2 / 2, Slovenia WH : 0 / -2, Central WH : 0 / 0, ",
      "Status": "Enabled",
      "Visibility": "Not Visible Individually",
      "Suppliers": "DESTINA S.A. : €1.90",
      "Out of stock range": ""
    },
    {
      "ID#": "1379",
      "Category": "6",
      "Manufacturer": "",
      "Barcode": "2100000251193",
      "Sku": "BAS-CO-XXL",
      "Name": "Socks Medic-XXL",
      "Buying Price": "€1.90",
      "Price Tracker": "",
      "Margin %": "88.54",
      "Stock Summary": "Default WH : 0 / 0, Serbia WH : 1 / 1, Slovenia WH : 9 / 9, Central WH : 0 / 0, ",
      "Status": "Enabled",
      "Visibility": "Not Visible Individually",
      "Suppliers": "DESTINA S.A. : €1.90",
      "Out of stock range": ""
    },
    {
      "ID#": "1380",
      "Category": "6",
      "Manufacturer": "",
      "Barcode": "2100000251186",
      "Sku": "CEINDO",
      "Name": "Posture Medic",
      "Buying Price": "",
      "Price Tracker": "",
      "Margin %": "",
      "Stock Summary": "",
      "Status": "Enabled",
      "Visibility": "Catalog, Search",
      "Suppliers": "",
      "Out of stock range": ""
    },
    {
      "ID#": "1381",
      "Category": "6",
      "Manufacturer": "",
      "Barcode": "2100000251179",
      "Sku": "CEINDO-S",
      "Name": "Posture Medic-S",
      "Buying Price": "€1.90",
      "Price Tracker": "",
      "Margin %": "",
      "Stock Summary": "Default WH : 0 / 0, Serbia WH : 14 / 14, Croatia WH : 0 / 0, Slovenia WH : 4 / 4, Central WH : 0 / 0, ",
      "Status": "Enabled",
      "Visibility": "Not Visible Individually",
      "Suppliers": "DESTINA S.A. : €1.90",
      "Out of stock range": ""
    },
    {
      "ID#": "1382",
      "Category": "6",
      "Manufacturer": "",
      "Barcode": "2100000251162",
      "Sku": "CEINDO-M",
      "Name": "Posture Medic-M",
      "Buying Price": "€1.90",
      "Price Tracker": "",
      "Margin %": "",
      "Stock Summary": "Default WH : 0 / 0, Serbia WH : 0 / 0, Slovenia WH : 2 / 2, Central WH : 0 / 0, ",
      "Status": "Enabled",
      "Visibility": "Not Visible Individually",
      "Suppliers": "DESTINA S.A. : €1.90",
      "Out of stock range": ""
    },
    {
      "ID#": "1383",
      "Category": "6",
      "Manufacturer": "",
      "Barcode": "2100000251155",
      "Sku": "CEINDO-L",
      "Name": "Posture Medic-L",
      "Buying Price": "€1.90",
      "Price Tracker": "",
      "Margin %": "",
      "Stock Summary": "Default WH : 0 / 0, Serbia WH : 6 / 6, Slovenia WH : 8 / 8, Central WH : 0 / 0, ",
      "Status": "Enabled",
      "Visibility": "Not Visible Individually",
      "Suppliers": "DESTINA S.A. : €1.90",
      "Out of stock range": ""
    },
    {
      "ID#": "1384",
      "Category": "6",
      "Manufacturer": "",
      "Barcode": "2100000251148",
      "Sku": "CEINDO-XL",
      "Name": "Posture Medic-XL",
      "Buying Price": "€1.90",
      "Price Tracker": "",
      "Margin %": "",
      "Stock Summary": "Default WH : 0 / 0, Serbia WH : 2 / 2, Slovenia WH : 5 / 5, Central WH : 0 / 0, ",
      "Status": "Enabled",
      "Visibility": "Not Visible Individually",
      "Suppliers": "DESTINA S.A. : €1.90",
      "Out of stock range": ""
    },
    {
      "ID#": "1385",
      "Category": "6",
      "Manufacturer": "",
      "Barcode": "2100000251131",
      "Sku": "CEINDO-XXL",
      "Name": "Posture Medic-XXL",
      "Buying Price": "€1.90",
      "Price Tracker": "",
      "Margin %": "",
      "Stock Summary": "Default WH : 0 / 0, Serbia WH : 4 / 4, Slovenia WH : 5 / 5, Central WH : 0 / 0, ",
      "Status": "Enabled",
      "Visibility": "Not Visible Individually",
      "Suppliers": "DESTINA S.A. : €1.90",
      "Out of stock range": ""
    },
    {
      "ID#": "1386",
      "Category": "6",
      "Manufacturer": "",
      "Barcode": "2100000251124",
      "Sku": "CEINDO-3XL",
      "Name": "Posture Medic-3XL",
      "Buying Price": "€1.60",
      "Price Tracker": "",
      "Margin %": "",
      "Stock Summary": "Default WH : 0 / 0, Serbia WH : 2 / 2, Slovenia WH : 8 / 8, Central WH : 0 / 0, ",
      "Status": "Enabled",
      "Visibility": "Not Visible Individually",
      "Suppliers": "DESTINA S.A. : €1.60",
      "Out of stock range": ""
    },
    {
      "ID#": "1389",
      "Category": "6",
      "Manufacturer": "",
      "Barcode": "2100000251117",
      "Sku": "PATCHDRAIN",
      "Name": "Drainastim Belt",
      "Buying Price": "€6.00",
      "Price Tracker": "",
      "Margin %": "",
      "Stock Summary": "Default WH : 0 / -1, Slovenia WH : 6 / 7, Central WH : 0 / 0, ",
      "Status": "Enabled",
      "Visibility": "Not Visible Individually",
      "Suppliers": "DESTINA S.A. : €6.00",
      "Out of stock range": ""
    },
    {
      "ID#": "1390",
      "Category": "6",
      "Manufacturer": "",
      "Barcode": "2100000251100",
      "Sku": "DPB",
      "Name": "Drainastim PRO",
      "Buying Price": "€40.00",
      "Price Tracker": "",
      "Margin %": "",
      "Stock Summary": "",
      "Status": "Enabled",
      "Visibility": "Catalog, Search",
      "Suppliers": "",
      "Out of stock range": ""
    },
    {
      "ID#": "1391",
      "Category": "3",
      "Manufacturer": "",
      "Barcode": "2100000251094",
      "Sku": "mincipressure-44/46",
      "Name": "MinciPressure-44/46",
      "Buying Price": "€3.50",
      "Price Tracker": "",
      "Margin %": "89.47",
      "Stock Summary": "Default WH : 0 / 0, Serbia WH : 161 / 161, Central WH : 0 / 0, ",
      "Status": "Enabled",
      "Visibility": "Not Visible Individually",
      "Suppliers": "DESTINA S.A. : €3.50",
      "Out of stock range": ""
    },
    {
      "ID#": "1392",
      "Category": "8",
      "Manufacturer": "",
      "Barcode": "2100000251087",
      "Sku": "FOOT-MASK-",
      "Name": "Foot Mask",
      "Buying Price": "€3.50",
      "Price Tracker": "",
      "Margin %": "95.76",
      "Stock Summary": "Default WH : 0 / 0, Serbia WH : 0 / -1, Croatia WH : 0 / 0, Slovenia WH : 0 / -27, Central WH : 14 / 14, ",
      "Status": "Enabled",
      "Visibility": "Catalog, Search",
      "Suppliers": "DESTINA S.A. : €3.50",
      "Out of stock range": ""
    },
    {
      "ID#": "1394",
      "Category": "4",
      "Manufacturer": "",
      "Barcode": "2100000251070",
      "Sku": "ACOUPHENOL",
      "Name": "Acouphenol",
      "Buying Price": "€2.99",
      "Price Tracker": "",
      "Margin %": "89.72",
      "Stock Summary": "Default WH : 0 / -86, Serbia WH : 10 / 11, Croatia WH : 11 / 11, Slovenia WH : 3 / 16, Central WH : 8 / 8, ",
      "Status": "Enabled",
      "Visibility": "Catalog, Search",
      "Suppliers": "DESTINA S.A. : €2.99",
      "Out of stock range": ""
    },
    {
      "ID#": "1398",
      "Category": "2",
      "Manufacturer": "",
      "Barcode": "2100000251032",
      "Sku": "PROSTAB020",
      "Name": "Prostabium - Blister",
      "Buying Price": "€1.00",
      "Price Tracker": "",
      "Margin %": "",
      "Stock Summary": "Default WH : 0 / 0, Serbia WH : 0 / 0, Croatia WH : 296 / 296, Slovenia WH : 92 / 92, Central WH : 0 / 0, ",
      "Status": "Enabled",
      "Visibility": "Not Visible Individually",
      "Suppliers": "DESTINA S.A. : €1.00",
      "Out of stock range": ""
    },
    {
      "ID#": "1400",
      "Category": "4",
      "Manufacturer": "",
      "Barcode": "2100000251025",
      "Sku": "CAN120DIGE",
      "Name": "Candigest",
      "Buying Price": "€4.99",
      "Price Tracker": "",
      "Margin %": "",
      "Stock Summary": "Default WH : 0 / -34, Serbia WH : 0 / 1, Croatia WH : 42 / 42, Slovenia WH : 0 / 0, Central WH : 0 / 0, ",
      "Status": "Enabled",
      "Visibility": "Catalog, Search",
      "Suppliers": "DESTINA S.A. : €4.99\nAB Vitalplus LTD : €4.99",
      "Out of stock range": ""
    },
    {
      "ID#": "1403",
      "Category": "4",
      "Manufacturer": "",
      "Barcode": "2100000251001",
      "Sku": "GLU-REDU90",
      "Name": "Glucoreduct",
      "Buying Price": "€5.95",
      "Price Tracker": "",
      "Margin %": "",
      "Stock Summary": "Default WH : 0 / 0, Serbia WH : 13 / 13, Croatia WH : 0 / 0, Slovenia WH : 132 / 133, Central WH : 114 / 114, ",
      "Status": "Enabled",
      "Visibility": "Catalog, Search",
      "Suppliers": "",
      "Out of stock range": ""
    },
    {
      "ID#": "1404",
      "Category": "6",
      "Manufacturer": "",
      "Barcode": "6939663905015",
      "Sku": "GLUCO-TEST",
      "Name": "Gluco Test",
      "Buying Price": "",
      "Price Tracker": "",
      "Margin %": "",
      "Stock Summary": "Default WH : 0 / 0, Serbia WH : 0 / -6, Slovenia WH : 15 / 15, Central WH : 12 / 12, ",
      "Status": "Enabled",
      "Visibility": "Catalog, Search",
      "Suppliers": "",
      "Out of stock range": ""
    },
    {
      "ID#": "1405",
      "Category": "6",
      "Manufacturer": "",
      "Barcode": "2100000250981",
      "Sku": "GLUCO-BAND",
      "Name": "Gluco Strips",
      "Buying Price": "€1.95",
      "Price Tracker": "",
      "Margin %": "",
      "Stock Summary": "Default WH : 0 / 0, Serbia WH : 7 / 7, Slovenia WH : 0 / 0, Central WH : 0 / 0, ",
      "Status": "Enabled",
      "Visibility": "Catalog, Search",
      "Suppliers": "",
      "Out of stock range": ""
    },
    {
      "ID#": "1408",
      "Category": "1",
      "Manufacturer": "",
      "Barcode": "2100000250974",
      "Sku": "ARTHRO-CRM",
      "Name": "Tube de gel Arthro renov",
      "Buying Price": "€1.00",
      "Price Tracker": "",
      "Margin %": "",
      "Stock Summary": "Default WH : 0 / -208, Serbia WH : 0 / 0, Croatia WH : 183 / 183, Slovenia WH : 76 / 76, Central WH : 0 / 0, ",
      "Status": "Enabled",
      "Visibility": "Not Visible Individually",
      "Suppliers": "DESTINA S.A. : €1.00\nAB Vitalplus LTD : €1.00",
      "Out of stock range": ""
    },
    {
      "ID#": "1409",
      "Category": "8",
      "Manufacturer": "",
      "Barcode": "2100000250967",
      "Sku": "WBUST",
      "Name": "Wunderbust Bonnet",
      "Buying Price": "",
      "Price Tracker": "",
      "Margin %": "",
      "Stock Summary": "Default WH : 0 / 0, Serbia WH : 0 / 0, Central WH : 0 / 0, ",
      "Status": "Enabled",
      "Visibility": "Catalog, Search",
      "Suppliers": "",
      "Out of stock range": ""
    },
    {
      "ID#": "1410",
      "Category": "8",
      "Manufacturer": "",
      "Barcode": "2100000250950",
      "Sku": "WBUST-A-CH",
      "Name": "Wunderbust Bonnet A Chair ",
      "Buying Price": "€1.00",
      "Price Tracker": "",
      "Margin %": "",
      "Stock Summary": "Default WH : 0 / 0, Serbia WH : 81 / 81, Central WH : 0 / 0, ",
      "Status": "Enabled",
      "Visibility": "Not Visible Individually",
      "Suppliers": "DESTINA S.A. : €1.00",
      "Out of stock range": ""
    },
    {
      "ID#": "1411",
      "Category": "8",
      "Manufacturer": "",
      "Barcode": "2100000250943",
      "Sku": "WBUST-A-MA",
      "Name": "Wunderbust Bonnet A Marron ",
      "Buying Price": "€1.00",
      "Price Tracker": "",
      "Margin %": "",
      "Stock Summary": "Default WH : 0 / 0, Serbia WH : 95 / 95, Central WH : 0 / 0, ",
      "Status": "Enabled",
      "Visibility": "Not Visible Individually",
      "Suppliers": "DESTINA S.A. : €1.00",
      "Out of stock range": ""
    },
    {
      "ID#": "1412",
      "Category": "8",
      "Manufacturer": "",
      "Barcode": "2100000250936",
      "Sku": "WBUST-B-CH",
      "Name": "Wunderbust Bonnet B Chair",
      "Buying Price": "€1.00",
      "Price Tracker": "",
      "Margin %": "",
      "Stock Summary": "Default WH : 0 / 0, Serbia WH : 268 / 268, Central WH : 0 / 0, ",
      "Status": "Enabled",
      "Visibility": "Not Visible Individually",
      "Suppliers": "DESTINA S.A. : €1.00",
      "Out of stock range": ""
    },
    {
      "ID#": "1413",
      "Category": "8",
      "Manufacturer": "",
      "Barcode": "2100000250929",
      "Sku": "WBUST-B-MA",
      "Name": "Wunderbust Bonnet B Marron",
      "Buying Price": "€1.00",
      "Price Tracker": "",
      "Margin %": "",
      "Stock Summary": "Default WH : 0 / 0, Serbia WH : 291 / 291, Central WH : 0 / 0, ",
      "Status": "Enabled",
      "Visibility": "Not Visible Individually",
      "Suppliers": "DESTINA S.A. : €1.00",
      "Out of stock range": ""
    },
    {
      "ID#": "1414",
      "Category": "8",
      "Manufacturer": "",
      "Barcode": "2100000250912",
      "Sku": "WBUST-B-NO",
      "Name": "Wunderbust Bonnet B Noir",
      "Buying Price": "€1.00",
      "Price Tracker": "",
      "Margin %": "",
      "Stock Summary": "Default WH : 0 / 0, Serbia WH : 283 / 283, Central WH : 0 / 0, ",
      "Status": "Enabled",
      "Visibility": "Not Visible Individually",
      "Suppliers": "DESTINA S.A. : €1.00",
      "Out of stock range": ""
    },
    {
      "ID#": "1415",
      "Category": "8",
      "Manufacturer": "",
      "Barcode": "2100000250905",
      "Sku": "WBUST-C-CH",
      "Name": "Wunderbust Bonnet C Chair",
      "Buying Price": "€1.00",
      "Price Tracker": "",
      "Margin %": "",
      "Stock Summary": "Default WH : 0 / 0, Serbia WH : 335 / 335, Central WH : 0 / 0, ",
      "Status": "Enabled",
      "Visibility": "Not Visible Individually",
      "Suppliers": "DESTINA S.A. : €1.00",
      "Out of stock range": ""
    },
    {
      "ID#": "1416",
      "Category": "8",
      "Manufacturer": "",
      "Barcode": "2100000250899",
      "Sku": "WBUST-C-MA",
      "Name": "Wunderbust Bonnet C Marron",
      "Buying Price": "€1.00",
      "Price Tracker": "",
      "Margin %": "",
      "Stock Summary": "Default WH : 0 / 0, Serbia WH : 345 / 345, Central WH : 0 / 0, ",
      "Status": "Enabled",
      "Visibility": "Not Visible Individually",
      "Suppliers": "DESTINA S.A. : €1.00",
      "Out of stock range": ""
    },
    {
      "ID#": "1417",
      "Category": "8",
      "Manufacturer": "",
      "Barcode": "2100000250882",
      "Sku": "WBUST-C-NO",
      "Name": "Wunderbust Bonnet C Noir",
      "Buying Price": "€1.00",
      "Price Tracker": "",
      "Margin %": "",
      "Stock Summary": "Default WH : 0 / 0, Serbia WH : 332 / 332, Central WH : 0 / 0, ",
      "Status": "Enabled",
      "Visibility": "Not Visible Individually",
      "Suppliers": "DESTINA S.A. : €1.00",
      "Out of stock range": ""
    },
    {
      "ID#": "1418",
      "Category": "8",
      "Manufacturer": "",
      "Barcode": "2100000250875",
      "Sku": "WBUST-D-CH",
      "Name": "Wunderbust Bonnet D Chair",
      "Buying Price": "€1.00",
      "Price Tracker": "",
      "Margin %": "",
      "Stock Summary": "Default WH : 0 / 0, Serbia WH : 244 / 244, Central WH : 0 / 0, ",
      "Status": "Enabled",
      "Visibility": "Not Visible Individually",
      "Suppliers": "DESTINA S.A. : €1.00",
      "Out of stock range": ""
    },
    {
      "ID#": "1419",
      "Category": "8",
      "Manufacturer": "",
      "Barcode": "2100000250868",
      "Sku": "WBUST-D-MA",
      "Name": "Wunderbust Bonnet D Marron",
      "Buying Price": "€1.00",
      "Price Tracker": "",
      "Margin %": "",
      "Stock Summary": "Default WH : 0 / 0, Serbia WH : 246 / 246, Central WH : 0 / 0, ",
      "Status": "Enabled",
      "Visibility": "Not Visible Individually",
      "Suppliers": "DESTINA S.A. : €1.00",
      "Out of stock range": ""
    },
    {
      "ID#": "1420",
      "Category": "8",
      "Manufacturer": "",
      "Barcode": "2100000250851",
      "Sku": "WBUST-D-NO",
      "Name": "Wunderbust Bonnet D Noir",
      "Buying Price": "€1.00",
      "Price Tracker": "",
      "Margin %": "",
      "Stock Summary": "Default WH : 0 / 0, Serbia WH : 236 / 236, Central WH : 0 / 0, ",
      "Status": "Enabled",
      "Visibility": "Not Visible Individually",
      "Suppliers": "DESTINA S.A. : €1.00",
      "Out of stock range": ""
    },
    {
      "ID#": "1421",
      "Category": "8",
      "Manufacturer": "",
      "Barcode": "2100000250844",
      "Sku": "WBUST-A-NO",
      "Name": "Wunderbust Bonnet A Noir",
      "Buying Price": "€1.00",
      "Price Tracker": "",
      "Margin %": "",
      "Stock Summary": "Default WH : 0 / 0, Serbia WH : 89 / 89, Central WH : 0 / 0, ",
      "Status": "Enabled",
      "Visibility": "Not Visible Individually",
      "Suppliers": "DESTINA S.A. : €1.00",
      "Out of stock range": ""
    },
    {
      "ID#": "1422",
      "Category": "2",
      "Manufacturer": "",
      "Barcode": "2100000250837",
      "Sku": "PROSTARENO",
      "Name": "Prostarenov",
      "Buying Price": "€3.50",
      "Price Tracker": "",
      "Margin %": "",
      "Stock Summary": "Default WH : 0 / -2420, Central WH : 0 / 1, ",
      "Status": "Enabled",
      "Visibility": "Catalog, Search",
      "Suppliers": "DESTINA S.A. : €3.50",
      "Out of stock range": ""
    },
    {
      "ID#": "1423",
      "Category": "2",
      "Manufacturer": "",
      "Barcode": "2100000250820",
      "Sku": "PROSTARENO-BLI",
      "Name": "Prostarenov Blister",
      "Buying Price": "€1.00",
      "Price Tracker": "",
      "Margin %": "",
      "Stock Summary": "Default WH : 0 / -235, Central WH : 0 / 0, ",
      "Status": "Enabled",
      "Visibility": "Not Visible Individually",
      "Suppliers": "DESTINA S.A. : €1.00",
      "Out of stock range": ""
    },
    {
      "ID#": "1428",
      "Category": "4",
      "Manufacturer": "",
      "Barcode": "2100000250790",
      "Sku": "CANAFORTE-",
      "Name": "Canna Forte+",
      "Buying Price": "€3.99",
      "Price Tracker": "",
      "Margin %": "",
      "Stock Summary": "Default WH : 0 / -16, Serbia WH : 0 / 0, Croatia WH : 6 / 6, Slovenia WH : 9 / 13, Central WH : 0 / 0, ",
      "Status": "Disabled",
      "Visibility": "Catalog, Search",
      "Suppliers": "",
      "Out of stock range": ""
    },
    {
      "ID#": "1429",
      "Category": "4",
      "Manufacturer": "",
      "Barcode": "2100000250783",
      "Sku": "PHYMEMOR60",
      "Name": "Physio Memory ",
      "Buying Price": "€2.70",
      "Price Tracker": "",
      "Margin %": "",
      "Stock Summary": "Default WH : 0 / -13, Slovenia WH : 2 / 2, Central WH : 0 / 0, ",
      "Status": "Disabled",
      "Visibility": "Catalog, Search",
      "Suppliers": "",
      "Out of stock range": ""
    },
    {
      "ID#": "1430",
      "Category": "8",
      "Manufacturer": "",
      "Barcode": "2100000250776",
      "Sku": "AERO-CONFT",
      "Name": "Aéro Confort",
      "Buying Price": "",
      "Price Tracker": "",
      "Margin %": "",
      "Stock Summary": "Default WH : 0 / -6, Slovenia WH : 4 / 4, Central WH : 4 / 4, ",
      "Status": "Enabled",
      "Visibility": "Catalog, Search",
      "Suppliers": "",
      "Out of stock range": ""
    },
    {
      "ID#": "1431",
      "Category": "4",
      "Manufacturer": "",
      "Barcode": "2100000250769",
      "Sku": "HEPAPHENOL",
      "Name": "Hepaphenol ",
      "Buying Price": "",
      "Price Tracker": "",
      "Margin %": "",
      "Stock Summary": "Default WH : 0 / -11, Slovenia WH : 15 / 15, Central WH : 16 / 16, ",
      "Status": "Enabled",
      "Visibility": "Catalog, Search",
      "Suppliers": "",
      "Out of stock range": ""
    },
    {
      "ID#": "1432",
      "Category": "4",
      "Manufacturer": "",
      "Barcode": "2100000250752",
      "Sku": "URICOPHENO",
      "Name": "Uricophenol",
      "Buying Price": "€3.50",
      "Price Tracker": "",
      "Margin %": "-20",
      "Stock Summary": "Default WH : 0 / 0, Slovenia WH : 0 / 0, Central WH : 0 / 0, ",
      "Status": "Enabled",
      "Visibility": "Catalog, Search",
      "Suppliers": "",
      "Out of stock range": ""
    },
    {
      "ID#": "1433",
      "Category": "4",
      "Manufacturer": "",
      "Barcode": "2100000250745",
      "Sku": "GINS-GELEE",
      "Name": "Ginseng-Gelée Royale+",
      "Buying Price": "€3.50",
      "Price Tracker": "",
      "Margin %": "",
      "Stock Summary": "Default WH : 0 / -9, Slovenia WH : 15 / 15, Central WH : 0 / 0, ",
      "Status": "Enabled",
      "Visibility": "Catalog, Search",
      "Suppliers": "",
      "Out of stock range": ""
    },
    {
      "ID#": "1434",
      "Category": "4",
      "Manufacturer": "",
      "Barcode": "2100000250738",
      "Sku": "TENS-CONTR",
      "Name": "Tensio Control",
      "Buying Price": "€3.50",
      "Price Tracker": "",
      "Margin %": "",
      "Stock Summary": "Default WH : 0 / -1, Croatia WH : 0 / 0, Slovenia WH : 17 / 17, Central WH : 0 / 0, ",
      "Status": "Enabled",
      "Visibility": "Catalog, Search",
      "Suppliers": "",
      "Out of stock range": ""
    },
    {
      "ID#": "1436",
      "Category": "6",
      "Manufacturer": "",
      "Barcode": "2100000250721",
      "Sku": "DRAI-PATCH",
      "Name": "Drainastim electrodes",
      "Buying Price": "€4.00",
      "Price Tracker": "",
      "Margin %": "",
      "Stock Summary": "Default WH : 0 / 0, Slovenia WH : 19 / 20, Central WH : 0 / 0, ",
      "Status": "Enabled",
      "Visibility": "Not Visible Individually",
      "Suppliers": "",
      "Out of stock range": ""
    },
    {
      "ID#": "1437",
      "Category": "5",
      "Manufacturer": "",
      "Barcode": "2100000250714",
      "Sku": "ACTIVFO010",
      "Name": "Activ Forte Free",
      "Buying Price": "€1.00",
      "Price Tracker": "",
      "Margin %": "",
      "Stock Summary": "Default WH : 0 / -1125, Serbia WH : 0 / 0, Croatia WH : 205 / 205, Slovenia WH : 98 / 98, Central WH : 0 / 0, ",
      "Status": "Enabled",
      "Visibility": "Not Visible Individually",
      "Suppliers": "DESTINA S.A. : €1.00",
      "Out of stock range": ""
    },
    {
      "ID#": "1440",
      "Category": "3",
      "Manufacturer": "",
      "Barcode": "2100000250691",
      "Sku": "ANANAS-060",
      "Name": "Ananas Extra Forte (40 gélules)",
      "Buying Price": "",
      "Price Tracker": "",
      "Margin %": "",
      "Stock Summary": "Default WH : 0 / 0, ",
      "Status": "Disabled",
      "Visibility": "Not Visible Individually",
      "Suppliers": "",
      "Out of stock range": ""
    },
    {
      "ID#": "1441",
      "Category": "1",
      "Manufacturer": "",
      "Barcode": "2100000250684",
      "Sku": "ARTH-GEL250",
      "Name": "Arthrenov Gel 150ml",
      "Buying Price": "€3.00",
      "Price Tracker": "",
      "Margin %": "",
      "Stock Summary": "Default WH : 0 / -271, Serbia WH : 1 / 1, Croatia WH : 7 / 9, Slovenia WH : 0 / 11, Central WH : 0 / 0, ",
      "Status": "Enabled",
      "Visibility": "Not Visible Individually",
      "Suppliers": "DESTINA S.A. : €3.00\nAB Vitalplus LTD : €3.00",
      "Out of stock range": ""
    },
    {
      "ID#": "1442",
      "Category": "4",
      "Manufacturer": "",
      "Barcode": "2100000250677",
      "Sku": "PHY-BUS-CR",
      "Name": "Physio Bust Cream",
      "Buying Price": "€3.50",
      "Price Tracker": "",
      "Margin %": "",
      "Stock Summary": "Default WH : 0 / 0, Serbia WH : 0 / 0, Slovenia WH : 0 / -3, Central WH : 0 / 0, ",
      "Status": "Enabled",
      "Visibility": "Not Visible Individually",
      "Suppliers": "",
      "Out of stock range": ""
    },
    {
      "ID#": "1443",
      "Category": "8",
      "Manufacturer": "",
      "Barcode": "8606103793041",
      "Sku": "ARB-FRUIX3",
      "Name": "Tree",
      "Buying Price": "€2.17",
      "Price Tracker": "",
      "Margin %": "",
      "Stock Summary": "Default WH : 0 / -2324, Serbia WH : 0 / -18, Croatia WH : 0 / 0, Slovenia WH : 0 / -102, Central WH : 0 / 0, ",
      "Status": "Enabled",
      "Visibility": "Not Visible Individually",
      "Suppliers": "DESTINA S.A. : €2.17",
      "Out of stock range": ""
    },
    {
      "ID#": "1444",
      "Category": "8",
      "Manufacturer": "",
      "Barcode": "",
      "Sku": "shipping-cost",
      "Name": "Shipping cost",
      "Buying Price": "",
      "Price Tracker": "",
      "Margin %": "",
      "Stock Summary": "",
      "Status": "Enabled",
      "Visibility": "Not Visible Individually",
      "Suppliers": "",
      "Out of stock range": ""
    },
    {
      "ID#": "1445",
      "Category": "3",
      "Manufacturer": "",
      "Barcode": "2100000296576",
      "Sku": "ZERODIET",
      "Name": "Zero Diet",
      "Buying Price": "",
      "Price Tracker": "",
      "Margin %": "",
      "Stock Summary": "Default WH : 0 / -10, Serbia WH : 13 / 13, Croatia WH : 0 / 0, Slovenia WH : 26 / 30, Central WH : 29 / 29, ",
      "Status": "Enabled",
      "Visibility": "Not Visible Individually",
      "Suppliers": "",
      "Out of stock range": ""
    },
    {
      "ID#": "1446",
      "Category": "8",
      "Manufacturer": "",
      "Barcode": "",
      "Sku": "FREE-SHIPPING",
      "Name": "Free shipping Trees",
      "Buying Price": "",
      "Price Tracker": "",
      "Margin %": "",
      "Stock Summary": "",
      "Status": "Enabled",
      "Visibility": "Not Visible Individually",
      "Suppliers": "",
      "Out of stock range": ""
    },
    {
      "ID#": "1447",
      "Category": "4",
      "Manufacturer": "",
      "Barcode": "",
      "Sku": "VESSIALYS-OFFER",
      "Name": "Vessialys Offer",
      "Buying Price": "€1.00",
      "Price Tracker": "",
      "Margin %": "",
      "Stock Summary": "Default WH : 0 / 0, Croatia WH : 0 / 0, Slovenia WH : 0 / 0, ",
      "Status": "Enabled",
      "Visibility": "Not Visible Individually",
      "Suppliers": "",
      "Out of stock range": ""
    },
    {
      "ID#": "1448",
      "Category": "4",
      "Manufacturer": "",
      "Barcode": "2100000296422",
      "Sku": "CURCUMINE-",
      "Name": "Curcumine Extra +",
      "Buying Price": "€3.96",
      "Price Tracker": "",
      "Margin %": "",
      "Stock Summary": "Default WH : 0 / -188, Serbia WH : 7 / 7, Central WH : 0 / 2, ",
      "Status": "Enabled",
      "Visibility": "Not Visible Individually",
      "Suppliers": "DESTINA S.A. : €3.96",
      "Out of stock range": ""
    },
    {
      "ID#": "1449",
      "Category": "4",
      "Manufacturer": "",
      "Barcode": "2100000296423",
      "Sku": "CURCUMIBL",
      "Name": "Curcumine Blister",
      "Buying Price": "€1.00",
      "Price Tracker": "",
      "Margin %": "",
      "Stock Summary": "Default WH : 0 / -3, Central WH : 0 / 0, ",
      "Status": "Enabled",
      "Visibility": "Not Visible Individually",
      "Suppliers": "DESTINA S.A. : €1.00",
      "Out of stock range": ""
    },
    {
      "ID#": "1450",
      "Category": "8",
      "Manufacturer": "",
      "Barcode": "",
      "Sku": "FOOT-MASK--01",
      "Name": "Foot Mask-01",
      "Buying Price": "€0.88",
      "Price Tracker": "",
      "Margin %": "",
      "Stock Summary": "Default WH : 0 / 0, Croatia WH : 1279 / 1279, ",
      "Status": "Enabled",
      "Visibility": "Catalog, Search",
      "Suppliers": "DESTINA S.A.",
      "Out of stock range": ""
    },
    {
      "ID#": "1452",
      "Category": "8",
      "Manufacturer": "",
      "Barcode": "",
      "Sku": "fruitiers",
      "Name": "Drzewka owocowe prawdziwe 'kolumny z owocami'",
      "Buying Price": "",
      "Price Tracker": "",
      "Margin %": "",
      "Stock Summary": "Default WH : 914 / 914, ",
      "Status": "Disabled",
      "Visibility": "Catalog, Search",
      "Suppliers": "",
      "Out of stock range": ""
    },
    {
      "ID#": "1453",
      "Category": "4",
      "Manufacturer": "",
      "Barcode": "",
      "Sku": "SOFTGELREV",
      "Name": "Soft Gel Revolution",
      "Buying Price": "",
      "Price Tracker": "",
      "Margin %": "",
      "Stock Summary": "Default WH : 999 / 999, Croatia WH : 100 / 100, ",
      "Status": "Disabled",
      "Visibility": "Catalog, Search",
      "Suppliers": "",
      "Out of stock range": ""
    },
    {
      "ID#": "1454",
      "Category": "6",
      "Manufacturer": "",
      "Barcode": "",
      "Sku": "VALGUSMEDI",
      "Name": "Valgus Medic",
      "Buying Price": "",
      "Price Tracker": "",
      "Margin %": "",
      "Stock Summary": "Default WH : 999 / 999, Croatia WH : 0 / -289, ",
      "Status": "Disabled",
      "Visibility": "Catalog, Search",
      "Suppliers": "",
      "Out of stock range": ""
    },
    {
      "ID#": "1457",
      "Category": "6",
      "Manufacturer": "",
      "Barcode": "2100000251927",
      "Sku": "FLEXCOM",
      "Name": "FlexiComfort",
      "Buying Price": "€12.50",
      "Price Tracker": "",
      "Margin %": "",
      "Stock Summary": "Default WH : 0 / 0, Slovenia WH : 0 / 14, Central WH : 9 / 9, ",
      "Status": "Enabled",
      "Visibility": "Not Visible Individually",
      "Suppliers": "DESTINA S.A. : €12.50",
      "Out of stock range": ""
    },
    {
      "ID#": "1473",
      "Category": "8",
      "Manufacturer": "",
      "Barcode": "2100000281927",
      "Sku": "pl-label",
      "Name": "PL label",
      "Buying Price": "",
      "Price Tracker": "",
      "Margin %": "",
      "Stock Summary": "",
      "Status": "Enabled",
      "Visibility": "Not Visible Individually",
      "Suppliers": "",
      "Out of stock range": ""
    },
    {
      "ID#": "1475",
      "Category": "6",
      "Manufacturer": "",
      "Barcode": "1954737498053",
      "Sku": "remote-controls",
      "Name": "Drainastim Remote Controls",
      "Buying Price": "",
      "Price Tracker": "",
      "Margin %": "",
      "Stock Summary": "Default WH : 0 / 0, Central WH : 2 / 2, ",
      "Status": "Enabled",
      "Visibility": "Not Visible Individually",
      "Suppliers": "",
      "Out of stock range": ""
    },
    {
      "ID#": "1476",
      "Category": "6",
      "Manufacturer": "",
      "Barcode": "4041586817325",
      "Sku": "chargers",
      "Name": "Drainastim chargers",
      "Buying Price": "",
      "Price Tracker": "",
      "Margin %": "",
      "Stock Summary": "Default WH : 0 / 0, Central WH : 2 / 2, ",
      "Status": "Enabled",
      "Visibility": "Not Visible Individually",
      "Suppliers": "",
      "Out of stock range": ""
    },
    {
      "ID#": "1477",
      "Category": "8",
      "Manufacturer": "",
      "Barcode": "",
      "Sku": "DYS001",
      "Name": "VACUM CLEANER",
      "Buying Price": "",
      "Price Tracker": "",
      "Margin %": "",
      "Stock Summary": "Default WH : 0 / 0, Serbia WH : 8 / 8, ",
      "Status": "Enabled",
      "Visibility": "Not Visible Individually",
      "Suppliers": "",
      "Out of stock range": ""
    }
]
